Feature,SHAP,SHAP+,Q-SHAP+
LIMIT_BAL,0.3753616,0.1810835908960413,0.06180084486314103
AGE,0.033758692,0.02771569236561104,0.08035315515220649
PAY_AMT1,0.23896942,0.11535946196979946,0.04701912709266294
EDUCATION,0.027261283,0.03161436484919654,0.1100812051636081
MARRIAGE,0.071786374,0.04096434017022451,0.05857889381068704
