Metric,SHAP_Mean,SHAP_SD,SHAP+_Mean,SHAP+_SD,Q-SHAP+_Mean,Q-SHAP+_SD
Faithfulness,19.00063418235548,3.4564284270471357,32.366344346015254,2.3430930674964356,26.877790833108705,7.491790857487221
Stability,68.83101181903797,1.0404929559494986,93.81855451938522,2.778210983001658,85.96754758190649,4.791136000534465
Responsiveness,7.934749043650097,1.159165127846363,7.934749043650097,1.159165127846363,7.156664521646111,3.3515491124495336
Clarity,3.7874693141711635,0.31612607048728436,4.704161591169482,0.06374256263465834,4.70705785541312,0.24203790672129272
