,LIMIT_BAL,AGE,PAY_AMT1,EDUCATION,MARRIAGE
LIMIT_BAL,1.0,0.717440514005614,-0.841714213765698,-0.7352245498696566,-0.8176354893734527
AGE,0.717440514005614,1.0,-0.7674790643775816,-0.5210767629053934,-0.8099792743905577
PAY_AMT1,-0.8417142137656981,-0.7674790643775816,1.0,0.7990805241919787,0.9426192117221441
EDUCATION,-0.7352245498696566,-0.5210767629053933,0.7990805241919788,1.0,0.7381183990485071
MARRIAGE,-0.8176354893734527,-0.8099792743905578,0.942619211722144,0.7381183990485072,1.0
