Metric,SHAP,SHAP+,Q-SHAP+
Faithfulness (%),19.00063418235548,32.36634434601524,26.877790833108705
Stability (%),68.83101181903795,93.8185545193852,85.96754758190647
Responsiveness (%),7.934749043650097,7.934749043650097,7.156664521646111
Clarity (/5),3.787469314171162,4.704161591169482,4.70705785541312
