Method,Faithfulness,Stability,Responsiveness,Clarity,Composite
SHAP,19.00063418235548,68.83101181903795,7.934749043650097,3.787469314171162,43.0863208658327
SHAP+,32.36634434601524,93.8185545193852,7.934749043650097,4.704161591169482,58.25906583302809
Q-SHAP+,26.877790833108705,85.96754758190647,7.156664521646111,4.70705785541312,54.11316585048626
